<?xml version="1.0" encoding="UTF-8"?>

<beans xmlns="http://www.springframework.org/schema/beans"
	xmlns:xsi="http://www.w3.org/2001/XMLSchema-instance" xmlns:context="http://www.springframework.org/schema/context"
	xsi:schemaLocation="http://www.springframework.org/schema/beans 
	                    http://www.springframework.org/schema/beans/spring-beans-2.5.xsd
	                    http://www.springframework.org/schema/context  
                        http://www.springframework.org/schema/context/spring-context-2.5.xsd"
	default-autowire="byName">


	<!-- Application and Services Infrastructure -->

	<bean name="applicationManagement"
		class="com.bsf.ppm.service.application.ApplicationManagementImpl" />
	
	<bean name="referenceGenerationService"
		class="com.bsf.ppm.service.generation.ReferenceGenerationServiceImpl" />
	
	<bean id="staticDataCacheManager" class="com.bsf.ppm.cache.StaticDataCacheManager">
		<property name="cacheDefinitions">
			<list>
				<value>generalConfigurationCache</value>
				<value>backendSystemCache</value>
				<value>businessObjectCache</value>
				<value>backendErrorCodesCache</value>
			</list>
		</property>
	</bean>
	<bean name="ftsInterface" class="com.bsf.ppm.fts.integration.FTSInterfaceImpl" scope="prototype"/>
	<bean name="ppmSocketPool" class="com.bsf.ppm.net.util.PPMSocketPoolImpl" 
	factory-bean="ppmSocketPoolFactory" factory-method="createInstance"/>	
	<bean name="ppmSocketPoolFactory" class="com.bsf.ppm.net.util.PPMSocketPoolFactory"/>
	<!-- Cache Queries -->
	
	
	<bean name="generalConfigurationCacheQuery" class="com.bsf.ppm.cache.GeneralConfigurationCacheQuery" />
	<bean name="backendSystemCacheQuery" class="com.bsf.ppm.cache.BackendSystemCacheQuery" />	
	<bean name="businessObjectCacheQuery" class="com.bsf.ppm.cache.BusinessObjectCacheQuery" />
	<bean name="backendErrorCodesCacheQuery" class="com.bsf.ppm.cache.BackendErrorCodesCacheQuery" />
	
	 <bean name="instAllowedSalaryPercentTransProcessor" class="com.bsf.ppm.batch.processor.InstAllowedSalaryPercentTransactionProcessorImpl" scope="prototype"/>  
	
	 <bean name="instTransactionProcessor" class="com.bsf.ppm.batch.processor.InstTransactionProcessorImpl" scope="prototype"/> 
	
	<bean id="ppmProcessTaskExecutor" class="org.springframework.scheduling.concurrent.ThreadPoolTaskExecutor">
      <property name="corePoolSize" value="60" />
      <property name="maxPoolSize" value="70" />
      <property name="queueCapacity" value="70" />
    </bean>
	
</beans>