<?xml version="1.0" encoding="UTF-8"?>

<beans xmlns="http://www.springframework.org/schema/beans"
	xmlns:xsi="http://www.w3.org/2001/XMLSchema-instance"
	xsi:schemaLocation="http://www.springframework.org/schema/beans http://www.springframework.org/schema/beans/spring-beans-2.5.xsd"
	>
	<bean id="jobsTransactionManager"
		class="org.springframework.transaction.jta.JtaTransactionManager"/>
	<bean name="quartzScheduler" class="org.springframework.scheduling.quartz.SchedulerFactoryBean" />
	<!--  	
	<bean name="quartzScheduler" class="org.springframework.scheduling.quartz.SchedulerFactoryBean" >
		<property name="applicationContextSchedulerContextKey" value="applicationContext" />        
		<property name="dataSource" ref="dataSource"/>
		<property name="transactionManager" ref="jobsTransactionManager"/>   
		<property name="overwriteExistingJobs" value="true"/>        
       	<property name="quartzProperties">            
       		<props>                
       			<prop key="org.quartz.scheduler.instanceName">IppBatchScheduler</prop>                
       			<prop key="org.quartz.scheduler.instanceId">Node4196</prop>                
       			<prop key="org.quartz.jobStore.misfireThreshold">60000</prop>                
       			<prop key="org.quartz.jobStore.class">org.quartz.impl.jdbcjobstore.JobStoreTX</prop>                
       			<prop key="org.quartz.jobStore.driverDelegateClass"> org.quartz.impl.jdbcjobstore.oracle.OracleDelegate</prop>                
       			<prop key="org.quartz.jobStore.tablePrefix">QRTZ_</prop> 
       			<prop key="org.quartz.jobStore.useProperties">false</prop>               
       			<prop key="org.quartz.jobStore.isClustered">true</prop> 
       			<prop key="org.quartz.jobStore.clusterCheckinInterval">20000</prop>
       			<prop key="org.quartz.threadPool.class">org.quartz.simpl.SimpleThreadPool</prop>                
       			<prop key="org.quartz.threadPool.threadCount">25</prop>                
       			<prop key="org.quartz.threadPool.threadPriority">5</prop>
 	            <prop key="org.quartz.jobStore.selectWithLockSQL">SELECT * FROM {0}LOCKS UPDLOCK WHERE LOCK_NAME = ?</prop>
       		</props>      
       	</property>	
	</bean>
	-->
	<bean name="globalJobListener" class="com.bsf.ppm.job.GlobalJobListener" >
		<property name="batchJobHistoryDAO" ref="batchJobHistoryDAO" />
		<property name="generalConfigurationCache" ref="generalConfigurationCache" />
	</bean>	
		
	<bean name="batchExecutionManager" class="com.bsf.ppm.batch.BatchExecutionManagerImpl" >
		<property name="globalJobListener" ref="globalJobListener" />
		<property name="quartzScheduler" ref="quartzScheduler" />
		<property name="batchJobDAO" ref="batchJobDAO" />
	</bean>
  
   
</beans>
