<?xml version="1.0" encoding="UTF-8"?>
<beans xmlns="http://www.springframework.org/schema/beans"
	xmlns:xsi="http://www.w3.org/2001/XMLSchema-instance" xmlns:tx="http://www.springframework.org/schema/tx"
	xmlns:aop="http://www.springframework.org/schema/aop" xmlns:context="http://www.springframework.org/schema/context"
	xsi:schemaLocation="http://www.springframework.org/schema/beans http://www.springframework.org/schema/beans/spring-beans-2.5.xsd
	   http://www.springframework.org/schema/tx http://www.springframework.org/schema/tx/spring-tx-2.5.xsd
	   http://www.springframework.org/schema/context http://www.springframework.org/schema/context/spring-context-2.5.xsd
	   http://www.springframework.org/schema/aop http://www.springframework.org/schema/aop/spring-aop-2.5.xsd"
	default-autowire="byName">

	<bean id="accessHistoryDAO" class="com.bsf.ppm.dao.jpa.AccessHistoryJpaDAO"/>
	<bean id="applicationDAO" class="com.bsf.ppm.dao.jpa.ApplicationJpaDAO" />
	<bean id="backendSystemDAO" class="com.bsf.ppm.dao.jpa.BackendSystemJpaDAO" />
	<bean id="backendErrorCodeDAO" class="com.bsf.ppm.dao.jpa.BackendErrorCodeJpaDAO" />
	<bean id="systemTypeDAO" class="com.bsf.ppm.dao.jpa.SystemTypeJpaDAO" />
	<bean id="groupDAO" class="com.bsf.ppm.dao.jpa.GroupJpaDAO" />
	<bean id="busObjectDAO" class="com.bsf.ppm.dao.jpa.BusinessObjectJpaDAO" />
	<bean id="userInfoDAO" class="com.bsf.ppm.dao.jpa.UserJpaDAO" />
	<bean id="userGroupDAO" class="com.bsf.ppm.dao.jpa.UserGroupJpaDAO" />
	<bean id="groupPrivilegesDAO" class="com.bsf.ppm.dao.jpa.GroupPrivilegesJpaDAO" />
	<bean id="generalConfigurationDAO" class="com.bsf.ppm.dao.jpa.GeneralConfigurationJpaDAO" />
	<bean id="businessObjectDAO" class="com.bsf.ppm.dao.jpa.BusinessObjectJpaDAO" scope="prototype" />
	<bean id="batchJobDAO" class="com.bsf.ppm.dao.jpa.BatchJobJpaDAO" />
	<bean id="batchJobHistoryDAO" class="com.bsf.ppm.dao.jpa.BatchJobHistoryJpaDAO" />	
	<bean id="ftsPostingLogDAO" class="com.bsf.ppm.dao.jpa.FtsPostingLogJpaDAO" />
	<bean id="currencyCodeDAO" class="com.bsf.ppm.dao.jpa.CurrencyCodeJpaDAO"/>
	<bean id="branchCodeDAO" class="com.bsf.ppm.dao.jpa.BranchCodeJpaDAO" />
	<bean id="domesticBankDAO" class="com.bsf.ppm.dao.jpa.DomesticBankJpaDAO" />
	<bean id="generalConfigParameterDAO" class="com.bsf.ppm.dao.jpa.GeneralConfigParameterJpaDAO" />
	<bean id="systemParameterValue2DAO" class="com.bsf.ppm.dao.jpa.SystemParameterValue2JpaDAO" scope="prototype" />
	<bean id="instructionDAO" class="com.bsf.ppm.dao.jpa.InstructionJpaDAO" />
	<bean id="instDtlDAO" class="com.bsf.ppm.dao.jpa.InstructionDetailJpaDAO" />
	<bean id="parameterVDAO" class="com.bsf.ppm.dao.jpa.ParameterValueJpaDAO" />
	<bean id="statusHistoryDAO" class="com.bsf.ppm.dao.jpa.StatusHistoryJpaDAO" />
	<bean id="instModifyDAO" class="com.bsf.ppm.dao.jpa.InstructionModifyJpaDAO" />
	<bean id="instTransactionsDAO" class="com.bsf.ppm.dao.jpa.InstTransactionsJpaDAO" />
	<bean id="ppmAccountInquiryDAO" class="com.bsf.ppm.dao.jpa.PpmAccountInquiryJpaDAO" />
	<bean id="ppmDebitExemptDAO" class="com.bsf.ppm.dao.jpa.PpmDebitExemptJpaDAO" />
    <bean id="ppmDebitBlockStagingDAO" class="com.bsf.ppm.dao.jpa.PpmDebitBlockStagingJpaDAO" />
	<bean id="ppmGroupDAO" class="com.bsf.ppm.dao.jpa.PpmGroupJpaDAO" />
	<bean id="ppmEmpCategoryMgmtDAO" class="com.bsf.ppm.dao.jpa.PpmEmpCategoryMgmtJpaDAO" />
	<bean id="ppmEmpCategorySetupDAO" class="com.bsf.ppm.dao.jpa.PpmEmpCategorySetupJpaDAO" />
	<bean id="ppmExeRulesDAO" class="com.bsf.ppm.dao.jpa.PpmExecuteRulesJpaDAO" />
	<bean id="ppmParmTypeDAO" class="com.bsf.ppm.dao.jpa.PpmParameterTypeJpaDAO" />
	<bean id="ppmExeRulesCritDAO" class="com.bsf.ppm.dao.jpa.PpmExecutionRuleCritJpaDAO" />
	<bean id="loanBlockDetsDAO" class="com.bsf.ppm.dao.jpa.LoanBlockDetsJpaDAO" />
	<bean id="incomingSalaryDAO" class="com.bsf.ppm.dao.jpa.IncomingSalaryJpaDAO" />
	<bean id="gErrorListDAO" class="com.bsf.ppm.dao.jpa.GErrorListJpaDAO" />
	<bean id="ppmSflInstructionsDAO" class="com.bsf.ppm.dao.jpa.PpmSflInstructionsJpaDAO"/>
	
		
 </beans>