<?xml version="1.0" encoding="UTF-8"?>
<beans xmlns="http://www.springframework.org/schema/beans"
	xmlns:xsi="http://www.w3.org/2001/XMLSchema-instance" xmlns:jee="http://www.springframework.org/schema/jee"
	xmlns:p="http://www.springframework.org/schema/p" xmlns:tx="http://www.springframework.org/schema/tx"
	xmlns:aop="http://www.springframework.org/schema/aop" xmlns:context="http://www.springframework.org/schema/context"
	xsi:schemaLocation="http://www.springframework.org/schema/beans 
	       http://www.springframework.org/schema/beans/spring-beans-2.5.xsd
	       http://www.springframework.org/schema/tx 
	       http://www.springframework.org/schema/tx/spring-tx-2.5.xsd
           http://www.springframework.org/schema/jee 
           http://www.springframework.org/schema/jee/spring-jee-2.5.xsd 
           http://www.springframework.org/schema/aop 
           http://www.springframework.org/schema/aop/spring-aop-2.5.xsd
           http://www.springframework.org/schema/context  
           http://www.springframework.org/schema/context/spring-context-2.5.xsd">
                      
           
           <bean id="dataSource" class="org.springframework.jndi.JndiObjectFactoryBean"> 
			<property name="jndiName" value="java:jdbc/ppm" /> 
		</bean>
		
		<bean id="tmrsecDataSource" class="org.springframework.jndi.JndiObjectFactoryBean">
			<property name="jndiName" value="java:jdbc/tmrsec"></property>
		</bean>
		<bean name="tmrsec" class="com.bsf.ppm.AccessGroups">
			<property name="dataSource" ref="tmrsecDataSource" />			
		</bean>
		
		
		<bean id="dataSourceSlry" class="org.springframework.jndi.JndiObjectFactoryBean"> 
			<property name="jndiName" value="java:jdbc/cis" /> 
		</bean>
		
		<bean name="salryP" class="com.bsf.ppm.batch.process.PpmTrnsType">
			<property name="dataSource" ref="dataSourceSlry" />			
		</bean>
		
		<!--
		
	  <bean id="dataSource" class="org.apache.commons.dbcp.BasicDataSource">
		<property name="driverClassName" value="oracle.jdbc.OracleDriver" />
		<property name="url" value="jdbc:oracle:thin:@oradev:1521:OLTPDEV" />
		<property name="username" value="oepaysd" />
		<property name="password" value="oepaysd" />
	</bean> 
 
	--><bean id="persistenceUnitManager" class="com.bsf.ppm.jpa.MergingPersistenceUnitManager">
		<property name="defaultDataSource" ref="dataSource"></property>
	</bean>

	<bean id="entityManagerFactory"
		class="org.springframework.orm.jpa.LocalContainerEntityManagerFactoryBean">
			
				
		<property name="dataSource" ref="dataSource" />
		<property name="persistenceUnitManager" ref="persistenceUnitManager" />
		<property name="jpaVendorAdapter">
			<bean class="org.springframework.orm.jpa.vendor.HibernateJpaVendorAdapter">
				<property name="showSql" value="true" />
				
				<property name="databasePlatform" value="org.hibernate.dialect.Oracle10gDialect" />
			</bean>
		</property>
		<property name="jpaPropertyMap">
			<map>
				<entry key="hibernate.transaction.manager_lookup_class"
					value="org.hibernate.transaction.JBossTransactionManagerLookup" />
				<entry key="hibernate.transaction.flush_before_completion"
					value="true" />
			</map>
		</property>
		<property name="persistenceUnitName" value="coreJPA"/>
	
	   </bean>
     
   
	<bean
		class="org.springframework.orm.jpa.support.PersistenceAnnotationBeanPostProcessor" />
	<bean
		class="org.springframework.beans.factory.annotation.AutowiredAnnotationBeanPostProcessor" />

	<tx:annotation-driven transaction-manager="transactionManager" />

	<bean
		class="org.springframework.aop.framework.autoproxy.DefaultAdvisorAutoProxyCreator" />

	<bean
		class="org.springframework.transaction.interceptor.TransactionAttributeSourceAdvisor"
		p:transactionInterceptor-ref="transactionInterceptor" />

	<bean id="transactionInterceptor"
		class="org.springframework.transaction.interceptor.TransactionInterceptor"
		p:transactionManager-ref="transactionManager"
		p:transactionAttributeSource-ref="transactionAttributeSource" />

	<bean id="transactionAttributeSource"
		class="org.springframework.transaction.annotation.AnnotationTransactionAttributeSource">
		<constructor-arg value="false" />
	</bean>
	<!--
		Let's access the JTA transaction manager of the application server
		
	<tx:jta-transaction-manager />
	-->
	
	<bean id="transactionManager" class="org.springframework.transaction.jta.JtaTransactionManager">
                   <property name="userTransactionName" value="UserTransaction"/>
        <property name="transactionManagerName" value="java:/TransactionManager"/>
    </bean>
	
	<!--
		<bean id="transactionManager"
		class="org.springframework.orm.jpa.JpaTransactionManager"> <property
		name="entityManagerFactory" ref="entityManagerFactory" /> <property
		name="dataSource" ref="dataSource" /> </bean>
	-->

   

	<aop:aspectj-autoproxy />

	<bean id="loggingAdvice" class="com.bsf.ppm.aspects.LoggingAdvice" />
	<bean id="performanceLoggingAdvice" class="com.bsf.ppm.aspects.PerformanceLoggingAdvice" />
	<bean id="auditingAdvice" class="com.bsf.ppm.aspects.AuditingAdvice">
		<property name="transactionInterceptor" ref="transactionInterceptor" />
		<property name="auditLogger" ref="auditLogger" />
	</bean>

	<!--  Oracle DataSource used for testing -->
	<!--
		<bean id="dataSource" class="org.apache.commons.dbcp.BasicDataSource"
		destroy-method="close"> <property name="driverClassName"
		value="oracle.jdbc.OracleDriver" /> <property name="url"
		value="jdbc:oracle:thin:@10.10.38.22:1521:ipp" /> <property
		name="username" value="ippuser" /> <property name="password"
		value="is1234" /> <property name="maxActive" value="100" /> <property
		name="maxIdle" value="30" /> <property name="maxWait" value="1000" />
		<property name="removeAbandoned" value="true" /> <property
		name="removeAbandonedTimeout" value="60" /> </bean>
	-->
</beans>
