<?xml version="1.0" encoding="UTF-8"?>
<beans xmlns="http://www.springframework.org/schema/beans"
	xmlns:xsi="http://www.w3.org/2001/XMLSchema-instance" xmlns:jee="http://www.springframework.org/schema/jee"
	xmlns:p="http://www.springframework.org/schema/p" xmlns:tx="http://www.springframework.org/schema/tx"
	xmlns:aop="http://www.springframework.org/schema/aop" xmlns:context="http://www.springframework.org/schema/context"
	xsi:schemaLocation="http://www.springframework.org/schema/beans 
	       http://www.springframework.org/schema/beans/spring-beans-2.5.xsd
	       http://www.springframework.org/schema/tx 
	       http://www.springframework.org/schema/tx/spring-tx-2.5.xsd
           http://www.springframework.org/schema/jee 
           http://www.springframework.org/schema/jee/spring-jee-2.5.xsd 
           http://www.springframework.org/schema/aop 
           http://www.springframework.org/schema/aop/spring-aop-2.5.xsd
           http://www.springframework.org/schema/context  
           http://www.springframework.org/schema/context/spring-context-2.5.xsd">

	<!-- Cache configuration -->
	<bean id="cacheManager"
		class="org.springframework.cache.ehcache.EhCacheManagerFactoryBean">
		<property name="configLocation">
			<value>classpath:ehcache.xml</value>
		</property>
	</bean>
	<bean id="resourceBundleCache" class="org.springframework.cache.ehcache.EhCacheFactoryBean">
		<property name="cacheManager" ref="cacheManager" />
		<property name="cacheName" value="RESOURCE_BUNDLE_CACHE" />
	</bean>
	<!--<bean id="currencyCache" class="org.springframework.cache.ehcache.EhCacheFactoryBean">
		<property name="cacheManager" ref="cacheManager" />
		<property name="cacheName" value="CURRENCY_STATIC_DATA_CACHE" />
	</bean>
	--><bean id="itmsReturnPymtAccountsCache" class="org.springframework.cache.ehcache.EhCacheFactoryBean">
		<property name="cacheManager" ref="cacheManager" />
		<property name="cacheName" value="ITMSRETURNPYMTACCOUNTS_STATIC_DATA_CACHE" />
	</bean>
	<bean id="generalConfigurationCache" class="org.springframework.cache.ehcache.EhCacheFactoryBean">
		<property name="cacheManager" ref="cacheManager" />
		<property name="cacheName" value="GENERALCONFIG_STATIC_DATA_CACHE" />
	</bean>
	<bean id="backendSystemCache" class="org.springframework.cache.ehcache.EhCacheFactoryBean">
		<property name="cacheManager" ref="cacheManager" />
		<property name="cacheName" value="BACKEND_STATIC_DATA_CACHE" />
	</bean>
	<bean id="loriNostroAccountCache" class="org.springframework.cache.ehcache.EhCacheFactoryBean">
		<property name="cacheManager" ref="cacheManager" />
		<property name="cacheName" value="LORINOSTRO_STATIC_DATA_CACHE" />
	</bean>
	<bean id="sadQueuesCache" class="org.springframework.cache.ehcache.EhCacheFactoryBean">
		<property name="cacheManager" ref="cacheManager" />
		<property name="cacheName" value="SADQUEUES_STATIC_DATA_CACHE" />
	</bean>
	<bean id="sarieClnBranchDetailsCache" class="org.springframework.cache.ehcache.EhCacheFactoryBean">
		<property name="cacheManager" ref="cacheManager" />
		<property name="cacheName" value="SARIE_CLN_BRN_DETLS_STATIC_DATA_CACHE" />
	</bean>
	<bean id="restrictedRemBenCache" class="org.springframework.cache.ehcache.EhCacheFactoryBean">
		<property name="cacheManager" ref="cacheManager" />
		<property name="cacheName" value="RESTRICTED_REM_BEN_STATIC_DATA_CACHE" />
	</bean>
	<bean id="restrictedCurrencyCache" class="org.springframework.cache.ehcache.EhCacheFactoryBean">
		<property name="cacheManager" ref="cacheManager" />
		<property name="cacheName" value="RESTRICTED_CURRENCY_STATIC_DATA_CACHE" />
	</bean>
	<bean id="deliveryChannelCache" class="org.springframework.cache.ehcache.EhCacheFactoryBean">
		<property name="cacheManager" ref="cacheManager" />
		<property name="cacheName" value="DELIVERYCHANNEL_STATIC_DATA_CACHE" />
	</bean>
	<bean id="blockedCustomerCache" class="org.springframework.cache.ehcache.EhCacheFactoryBean">
		<property name="cacheManager" ref="cacheManager" />
		<property name="cacheName" value="BLOCKEDCUSTOMER_STATIC_DATA_CACHE" />
	</bean>
	<bean id="domesticBankCache" class="org.springframework.cache.ehcache.EhCacheFactoryBean">
		<property name="cacheManager" ref="cacheManager" />
		<property name="cacheName" value="DOMESTICBANK_STATIC_DATA_CACHE" />
	</bean>
	<bean id="businessObjectCache" class="org.springframework.cache.ehcache.EhCacheFactoryBean">
		<property name="cacheManager" ref="cacheManager" />
		<property name="cacheName" value="BUSINESSOBJECT_STATIC_DATA_CACHE" />
	</bean>
	<bean id="backendErrorCodesCache" class="org.springframework.cache.ehcache.EhCacheFactoryBean">
		<property name="cacheManager" ref="cacheManager" />
		<property name="cacheName" value="BACKENDERRORCODES_STATIC_DATA_CACHE" />
	</bean>
	<bean id="otmsExServicesMsgCodeCache" class="org.springframework.cache.ehcache.EhCacheFactoryBean">
		<property name="cacheManager" ref="cacheManager" />
		<property name="cacheName" value="OTMS_EXSERVICE_MSG_STATIC_DATA_CACHE" />
	</bean>
	<bean id="corrMsgTypeAgreementCache" class="org.springframework.cache.ehcache.EhCacheFactoryBean">
		<property name="cacheManager" ref="cacheManager" />
		<property name="cacheName" value="CORR_MSG_TYPE_AGREEMENT_STATIC_DATA_CACHE" />
	</bean>
	<bean id="sarieErrReasonCache" class="org.springframework.cache.ehcache.EhCacheFactoryBean">
		<property name="cacheManager" ref="cacheManager" />
		<property name="cacheName" value="SARIE_ERR_REASON_STATIC_DATA_CACHE" />
	</bean>
	<bean id="swiftMessageHeaderCache" class="org.springframework.cache.ehcache.EhCacheFactoryBean">
		<property name="cacheManager" ref="cacheManager" />
		<property name="cacheName" value="SWIFT_MESSAGE_HEADER_CACHE" />
	</bean>
	<bean id="demandDraftMt202CorrCache" class="org.springframework.cache.ehcache.EhCacheFactoryBean">
		<property name="cacheManager" ref="cacheManager" />
		<property name="cacheName" value="SWIFT_CHECKS_MT202_CORR_CACHE" />
	</bean>
	<bean id="macB2bRateConfCache" class="org.springframework.cache.ehcache.EhCacheFactoryBean">
		<property name="cacheManager" ref="cacheManager" />
		<property name="cacheName" value="MAC_B2B_RATE_CONF_CACHE" />
	</bean>
	<!--<bean id="systemParameterValue2Cache" class="org.springframework.cache.ehcache.EhCacheFactoryBean">
		<property name="cacheManager" ref="cacheManager" />
		<property name="cacheName" value="SYSTEMPARAMETERVALUE2_STATIC_DATA_CACHE" />
	</bean>
	--><bean id="resourceBundleCacheManager" class="com.bsf.ppm.util.ResourceBundleCacheManager">
		<property name="resourceBundleCache" ref="resourceBundleCache" />
	</bean>
	<!-- Cache configuration ends here -->

	<bean id="auditRecordDAO" class="com.bsf.ipp.dao.jpa.AuditRecordJpaDAO" />

	<!-- Audit related configuration -->
	<bean id="auditLogger" class="com.bsf.ppm.auditing.AuditLogger">
		<property name="auditRecordDAO" ref="auditRecordDAO" />
		<property name="auditLogRecordsHolder" ref="auditLogRecordsHolder" />
	</bean>

	<bean id="auditLogRecordsHolder" class="com.bsf.ppm.auditing.ThreadLocalAuditLogRecordsHolder" />
	<bean id="entityAuditLogInterceptor"
		class="com.bsf.ppm.auditing.interceptor.EntityAuditLogInterceptor">
	</bean>
	<!-- Audit related configuration ends here -->



	<!--<bean id="ippConnectionFactory" class="org.springframework.jndi.JndiObjectFactoryBean">
		<property name="jndiName" value="java:/JmsXA" />
	</bean>
	--><!-- <bean id="ippConnectionFactory" class="org.springframework.jms.connection.UserCredentialsConnectionFactoryAdapter"> 
		<property name="targetConnectionFactory"> <ref bean="ippQueueConnectionFactory" 
		/> </property> <property name="username" value="guest" /> <property name="password" 
		value="guest" /> </bean> <property name="transactionManager"> <ref bean="jmsTransactionManager" 
		/> -->

	<!--<bean id="jmsTemplate" class="org.springframework.jms.core.JmsTemplate102">
		<property name="connectionFactory" ref="ippConnectionFactory" />
		<property name="receiveTimeout" value="30000" />
		<property name="sessionTransacted" value="true" />
		<property name="sessionAcknowledgeModeName" value="SESSION_TRANSACTED" />
	</bean>

	<bean id="jmsSender" class="com.bsf.ppm.jms.JmsSender">
		<property name="jmsTemplate" ref="jmsTemplate" />
	</bean>-->


	<bean id="objectPoolConfig" class="com.bsf.ppm.threadpool.ObjectPoolConfig">
		<property name="maxActive" value="20" />
		<property name="maxIdle" value="10" />
	</bean>
	<bean id="requestWorkerPool" class="com.bsf.ppm.threadpool.RequestWorkerPool">
		<constructor-arg ref="objectPoolConfig" />
	</bean>

	<!-- <bean id="jmsSender" class="com.bsf.ppm.jms.JmsSenderImpl2" /> <bean 
		id="jmsFactory" class=" org.apache.activemq.ActiveMQConnectionFactory"> <property 
		name="brokerURL"> <value>vm://localhost</value> </property> </bean> -->
</beans>
