<ehcache>
	<!--
		Sets the path to the directory where cache .data files are created. If
		the path is a Java System Property it is replaced by its value in the
		running VM. The following properties are translated: user.home -
		User's home directory user.dir - User's current working directory
		java.io.tmpdir - Default temp file path
	-->
	<diskStore path="java.io.tmpdir" />

	<!--
		Default Cache configuration. These will applied to caches
		programmatically created through the CacheManager. The following
		attributes are required for defaultCache: maxInMemory - Sets the
		maximum number of objects that will be created in memory eternal -
		Sets whether elements are eternal. If eternal, timeouts are ignored
		and the element is never expired. timeToIdleSeconds - Sets the time to
		idle for an element before it expires. i.e. The maximum amount of time
		between accesses before an element expires Is only used if the element
		is not eternal. Optional attribute. A value of 0 means that an Element
		can idle for infinity timeToLiveSeconds - Sets the time to live for an
		element before it expires. i.e. The maximum time between creation time
		and when an element expires. Is only used if the element is not
		eternal. overflowToDisk - Sets whether elements can overflow to disk
		when the in-memory cache has reached the maxInMemory limit.
	-->
	<defaultCache maxElementsInMemory="10000" eternal="false"
		overflowToDisk="false" timeToIdleSeconds="120" timeToLiveSeconds="120"
		diskPersistent="false" diskExpiryThreadIntervalSeconds="120" />

	<cache name="RESOURCE_BUNDLE_CACHE" maxElementsInMemory="2000"
		eternal="true" overflowToDisk="true" />

	<cache name="ITMSRETURNPYMTACCOUNTS_STATIC_DATA_CACHE"
		maxElementsInMemory="500" eternal="true" overflowToDisk="true" />
	<cache name="CURRENCY_STATIC_DATA_CACHE" maxElementsInMemory="500"
		eternal="true" overflowToDisk="true" />
	<cache name="GENERALCONFIG_STATIC_DATA_CACHE"
		maxElementsInMemory="500" eternal="true" overflowToDisk="true" />
	<cache name="BACKEND_STATIC_DATA_CACHE" maxElementsInMemory="500"
		eternal="true" overflowToDisk="true" />
	<cache name="LORINOSTRO_STATIC_DATA_CACHE" maxElementsInMemory="500"
		eternal="true" overflowToDisk="true" />
	<cache name="SADQUEUES_STATIC_DATA_CACHE" maxElementsInMemory="500"
		eternal="true" overflowToDisk="true" />
	<cache name="SARIE_CLN_BRN_DETLS_STATIC_DATA_CACHE" maxElementsInMemory="500"
		eternal="true" overflowToDisk="true" />
	<cache name="RESTRICTED_REM_BEN_STATIC_DATA_CACHE" maxElementsInMemory="1000"
		eternal="true" overflowToDisk="true" />
	<cache name="RESTRICTED_CURRENCY_STATIC_DATA_CACHE" maxElementsInMemory="500"
		eternal="true" overflowToDisk="true" />
	<cache name="DELIVERYCHANNEL_STATIC_DATA_CACHE" maxElementsInMemory="200"
		eternal="true" overflowToDisk="true" />
	<cache name="DOMESTICBANK_STATIC_DATA_CACHE" maxElementsInMemory="500"
		eternal="true" overflowToDisk="true" />
	<cache name="BLOCKEDCUSTOMER_STATIC_DATA_CACHE" maxElementsInMemory="500"
		eternal="true" overflowToDisk="true" />		
	<cache name="BUSINESSOBJECT_STATIC_DATA_CACHE"
		maxElementsInMemory="800" eternal="true" overflowToDisk="true" />
	<cache name="BACKENDERRORCODES_STATIC_DATA_CACHE"
		maxElementsInMemory="1000" eternal="true" overflowToDisk="true" />
	<cache name="OTMS_EXSERVICE_MSG_STATIC_DATA_CACHE"
		maxElementsInMemory="1000" eternal="true" overflowToDisk="true" />
	<cache name="CORR_MSG_TYPE_AGREEMENT_STATIC_DATA_CACHE"
		maxElementsInMemory="100" eternal="true" overflowToDisk="true" />
	<cache name="SARIE_ERR_REASON_STATIC_DATA_CACHE"
		maxElementsInMemory="500" eternal="true" overflowToDisk="true" />
	<cache name="SWIFT_MESSAGE_HEADER_CACHE"
		maxElementsInMemory="500" eternal="true" overflowToDisk="true" />
	<cache name="SWIFT_CHECKS_MT202_CORR_CACHE"
		maxElementsInMemory="500" eternal="true" overflowToDisk="true" />	
	<cache name="MAC_B2B_RATE_CONF_CACHE"
		maxElementsInMemory="500" eternal="true" overflowToDisk="true" />
	<cache name="SYSTEMPARAMETERVALUE2_STATIC_DATA_CACHE"
		maxElementsInMemory="500" eternal="true" overflowToDisk="true" />
</ehcache>