<?xml version="1.0" encoding="UTF-8"?>

<beans xmlns="http://www.springframework.org/schema/beans"
	xmlns:xsi="http://www.w3.org/2001/XMLSchema-instance" xmlns:sec="http://www.springframework.org/schema/security"
	xmlns:jee="http://www.springframework.org/schema/jee"
	xsi:schemaLocation="http://www.springframework.org/schema/beans http://www.springframework.org/schema/beans/spring-beans-2.5.xsd
            http://www.springframework.org/schema/jee http://www.springframework.org/schema/jee/spring-jee-2.5.xsd
            http://www.springframework.org/schema/security http://www.springframework.org/schema/security/spring-security-2.0.4.xsd"
	default-autowire="byName">
	<bean id="filterChainProxy" class="org.springframework.security.util.FilterChainProxy">
		<sec:filter-chain-map path-type="ant">
			<sec:filter-chain pattern="/**" 
				filters="customLoginCheck,concurrentSessionFilter,httpSessionContextIntegrationFilter,logoutFilter,authenticationProcessingFilter,securityContextHolderAwareRequestFilter,exceptionTranslationFilter,filterSecurityInterceptor" />
		</sec:filter-chain-map>
	</bean>
	<bean id="customLoginCheck" class="com.bsf.web.core.SessionTimeOutFilter">
	</bean>
	<bean id="concurrentSessionFilter"
		class="org.springframework.security.concurrent.ConcurrentSessionFilter">
		<property name="expiredUrl" value="/logOn.jsp" />
		<property name="sessionRegistry">
			<ref bean="sessionReg" />
		</property>
		<property name="logoutHandlers">
			<list>
				<ref bean="logoutHandler" />
			</list>
		</property>
	</bean>
	<!--
	<bean id="sessionReg"
		class="org.springframework.security.concurrent.SessionRegistryImpl" />
	-->
	<bean id="sessionReg"
		class="com.bsf.ppm.batch.service.CustomSessionRegistryImpl" />
		
	<bean id="httpSessionContextIntegrationFilter"
		class="org.springframework.security.context.HttpSessionContextIntegrationFilter" >
		<property name="forceEagerSessionCreation" value="true"/>
	</bean>
	<bean id="filterSecurityInterceptor"
		class="org.springframework.security.intercept.web.FilterSecurityInterceptor">
		<property name="authenticationManager" ref="_authenticationManager" />
		<property name="accessDecisionManager" ref="accessDecisionManager" />
		<property name="objectDefinitionSource" ref="customObjectDefinitionSource" />
	</bean>
	<bean id="customObjectDefinitionSource"
		class="com.bsf.ppm.groups.ExtendedDefaultFilterInvocationDefinitionSource"
		factory-method="getInstance" />
	<bean id="accessDecisionManager" class="org.springframework.security.vote.AffirmativeBased">
		<property name="allowIfAllAbstainDecisions" value="false" />
		<property name="decisionVoters">
			<list>
				<bean class="org.springframework.security.vote.RoleVoter" />
			</list>
		</property>
	</bean>

	<bean id="authenticationProcessingFilter" class="com.bsf.web.core.CustomAuthenticatingFilter">

		<property name="authenticationManager" ref="_authenticationManager" />
		<!--
			<property name="invalidateSessionOnSuccessfulAuthentication"
			value="true"/>
		-->
		<property name="authenticationFailureUrl">
			<value>/logOn.jsp</value>
		</property>
		<property name="defaultTargetUrl">
			<value>/home/home.jsf</value>
		</property>
		<property name="filterProcessesUrl">
			<value>/j_spring_security_check</value>
		</property>
		<property name="serverSideRedirect" value="true" />
		<property name="contextSource" ref="contextSource" />
		<property name="busObjectDAO" ref="busObjectDAO" />
		<property name="backendSystemDAO" ref="backendSystemDAO" />
		<property name="userInfoDAO" ref="userInfoDAO" />
		<property name="exceptionMappings">
			<props>
				<prop key="org.springframework.security.BadCredentialsException">/logOn.jsp</prop>
			</props>
		</property>

	</bean>
	<bean id="logoutFilter" class="com.bsf.web.core.PPMLogoutFilter">
		<constructor-arg index="0" value="/logOn.jsp" />
		<constructor-arg index="1">
			<list>
				<ref bean="logoutHandler" />
			</list>
		</constructor-arg>
		<property name="filterProcessesUrl">
			<value>/logOut.jsf</value>
		</property>
	</bean>

	<bean id="logoutHandler"
		class="org.springframework.security.ui.logout.SecurityContextLogoutHandler">
		<property name="invalidateHttpSession" value="true" />
	</bean>

	<bean id="exceptionTranslationFilter"
		class="org.springframework.security.ui.ExceptionTranslationFilter">
		<property name="authenticationEntryPoint" ref="authenticationProcessingFilterEntryPoint" />
		<property name="accessDeniedHandler">
			<bean class="org.springframework.security.ui.AccessDeniedHandlerImpl">
				<property name="errorPage" value="/accessDenied.jsf" />
			</bean>
		</property>
		<property name="createSessionAllowed" value="true"></property>
		
	</bean>
	<bean id="securityContextHolderAwareRequestFilter"
		class="org.springframework.security.wrapper.SecurityContextHolderAwareRequestFilter" />
	<bean id="authenticationProcessingFilterEntryPoint"
		class="org.springframework.security.ui.webapp.AuthenticationProcessingFilterEntryPoint">
		<property name="loginFormUrl" value="/logOn.jsp" />
		<property name="forceHttps" value="false" />
	</bean>
	<bean id="ldapAuthenticationProvider"
		class="org.springframework.security.providers.ldap.LdapAuthenticationProvider">
		<constructor-arg ref="authenticator" />
		<constructor-arg ref="populator" />
	</bean>
	<bean id="bsfldapAuthenticationProvider"
		class="org.springframework.security.providers.ldap.LdapAuthenticationProvider">
		<constructor-arg ref="bsfauthenticator" />
		<constructor-arg ref="bsfpopulator" />
	</bean>
	<bean id="authenticator"
		class="org.springframework.security.providers.ldap.authenticator.BindAuthenticator">
		<constructor-arg ref="contextSource" />
		<property name="userSearch" ref="filterbasedLdapSearch" />
	</bean>
	<bean id="bsfauthenticator"
		class="org.springframework.security.providers.ldap.authenticator.BindAuthenticator">
		<constructor-arg ref="bsfcontextSource" />
		<property name="userSearch" ref="bsffilterbasedLdapSearch" />
	</bean>

	<bean id="filterbasedLdapSearch"
		class="org.springframework.security.ldap.search.FilterBasedLdapUserSearch">
		<constructor-arg index="0" value="" />
		<constructor-arg index="1"
			value="(&amp;(objectcategory=user)(|(sAMAccountName={0})))" />
		<constructor-arg index="2" ref="contextSource" />
		<property name="searchSubtree" value="true" />

	</bean>
	
	<bean id="bsffilterbasedLdapSearch"
		class="org.springframework.security.ldap.search.FilterBasedLdapUserSearch">
		<constructor-arg index="0" value="" />
		<constructor-arg index="1"
			value="(&amp;(objectcategory=user)(|(sAMAccountName={0})))" />
		<constructor-arg index="2" ref="bsfcontextSource" />
		<property name="searchSubtree" value="true" />

	</bean>

	<bean id="populator"
		class="org.springframework.security.ldap.populator.DefaultLdapAuthoritiesPopulator">
		<constructor-arg ref="contextSource" />
		<constructor-arg value="" />
		<property name="searchSubtree" value="true" />
		<property name="rolePrefix" value="" />
	</bean>

	<bean id="bsfpopulator"
		class="org.springframework.security.ldap.populator.DefaultLdapAuthoritiesPopulator">
		<constructor-arg ref="bsfcontextSource" />
		<constructor-arg value="" />
		<property name="searchSubtree" value="true" />
		<property name="rolePrefix" value="" />
	</bean>


	<bean id="bsfcontextSource"
		class="org.springframework.ldap.core.support.LdapContextSource"
		factory-bean="bsfcontextSourceFactoryBean" factory-method="createInstance">
		<property name="baseEnvironmentProperties">
			<map>
				<entry key="java.naming.referral" value="follow" />
			</map>
		</property>
	</bean>

	<bean id="contextSource"
		class="org.springframework.ldap.core.support.LdapContextSource"
		factory-bean="contextSourceFactoryBean" factory-method="createInstance">
		<property name="baseEnvironmentProperties">
			<map>
				<entry key="java.naming.referral" value="follow" />
			</map>
		</property>
	</bean>
	<!--<bean id="contextSource"
		class="org.springframework.security.ldap.DefaultSpringSecurityContextSource"
		factory-bean="contextSourceFactoryBean" factory-method="createInstance">
		<property name="baseEnvironmentProperties">
			<map>
				<entry key="java.naming.referral" value="follow" />
			</map>
		</property>
	</bean>
	--><bean id="contextSourceFactoryBean" class="com.bsf.web.core.SpringSecurityContextSourceFactory"/>
	<bean id="bsfcontextSourceFactoryBean" class="com.bsf.web.core.BSFSpringSecurityContextSourceFactory"/>
	<!--
		The authentication manager that iterates through our only
		authentication provider
	-->
	  	<bean id="inMemoryDaoImpl" class="org.springframework.security.userdetails.memory.InMemoryDaoImpl"> 
	        <property name="userMap"> 
	            <value>
	            	ppmadmin=12345,024,PPM_ADMINISTRATOR
	            	ppminit=12345,024,PPM_INITIATOR
	            	ppmsup=12345,024,PPM_VALIDATOR
	            	ppmdblk=12345,024,PPM_DEBLOCKUSER
	            	spadmin=12345,024,PPM_SPADMIN
	            	sfladmin=12345,024,PPM_SFLADMIN
	            	sflsuadmin=12345,024,PPM_SFL_SUPADMIN
	            </value> 
	      </property> 
    	</bean> 
	
	
   <bean id="daoAuthenticationProvider"
   class="org.springframework.security.providers.dao.DaoAuthenticationProvider">
     <property name="userDetailsService" ref="inMemoryDaoImpl" />
     <property name="forcePrincipalAsString"><value>true</value></property>
   </bean>
	<bean id="_authenticationManager" class="org.springframework.security.providers.ProviderManager">
		<property name="providers">
			<list>
			    <ref bean="daoAuthenticationProvider" />              		<!-- Comment this line to get roles from AD    -->
				<ref bean="bsfldapAuthenticationProvider" />
				<ref bean="ldapAuthenticationProvider" />
			</list>
		</property>
		<property name="sessionController" ref="concurrentSessionController" />
	</bean>
	<bean id="concurrentSessionController"
		class="org.springframework.security.concurrent.ConcurrentSessionControllerImpl">
		<property name="maximumSessions" value="1" />
		<property name="exceptionIfMaximumExceeded" value="true" />
		<property name="sessionRegistry" ref="sessionReg" />
	</bean>
	<bean class="org.springframework.web.context.support.ServletContextAttributeExporter"> 
	  <property name="attributes"> 
	    <map> 
	      <entry key="applicationManagement" value-ref="applicationManagement"/> 
	    </map> 
	  </property> 
	</bean>
	<bean id="userADGroupsBean" class="com.bsf.ppm.groups.UserADGroupsBean" scope="session"/> 
</beans>