<?xml version="1.0" encoding="UTF-8"?>
<faces-config version="1.2" xmlns="http://java.sun.com/xml/ns/javaee"
 xmlns:xi="http://www.w3.org/2001/XInclude"
 xmlns:xsi="http://www.w3.org/2001/XMLSchema-instance" xsi:schemaLocation="http://java.sun.com/xml/ns/javaee http://java.sun.com/xml/ns/javaee/web-facesconfig_1_2.xsd">
 <component>
  <component-type>net.sf.jsfcomp.acegijsf.Authorize</component-type>
  <component-class>net.sf.jsfcomp.acegijsf.Authorize</component-class>
 </component>
 <component>
  <component-type>net.sf.jsfcomp.acegijsf.Authentication</component-type>
  <component-class>net.sf.jsfcomp.acegijsf.Authentication</component-class>
 </component>

 <managed-bean>
  <managed-bean-name>action</managed-bean-name>
  <managed-bean-class>com.bsf.web.core.GlobalAction</managed-bean-class>
  <managed-bean-scope>session</managed-bean-scope>
  <managed-property>
   <property-name>businessObjectCache</property-name>
   <value>#{businessObjectCache}</value>
  </managed-property>
  <managed-property>
   <property-name>skinName</property-name>
   <property-class>java.lang.String</property-class>
   <value>deepMarine</value>
  </managed-property>
 </managed-bean>
 <managed-bean>
  <managed-bean-name>applicationController</managed-bean-name>
  <managed-bean-class>com.bsf.ppm.maintenance.ApplicationController</managed-bean-class>
  <managed-bean-scope>session</managed-bean-scope>
  <managed-property>
   <property-name>applicationManagement</property-name>
   <value>#{applicationManagement}</value>
  </managed-property>
  <managed-property>
   <property-name>applicationDAO</property-name>
   <property-class>com.bsf.ppm.dao.ApplicationDAO</property-class>
   <value>#{applicationDAO}</value>
  </managed-property>
 </managed-bean>
 
 
 <managed-bean>
  <managed-bean-name>batchJobController</managed-bean-name>
  <managed-bean-class>com.bsf.ppm.maintenance.BatchJobController</managed-bean-class>
  <managed-bean-scope>session</managed-bean-scope>
  <managed-property>
   <property-name>batchExecutionManager</property-name>
   <value>#{batchExecutionManager}</value>
  </managed-property>
  <managed-property>
   <property-name>batchJobDAO</property-name>
   <property-class>com.bsf.ppm.dao.BatchJobDAO</property-class>
   <value>#{batchJobDAO}</value>
  </managed-property>
  <managed-property>
   <property-name>applicationDAO</property-name>
   <property-class>com.bsf.ppm.dao.ApplicationDAO</property-class>
   <value>#{applicationDAO}</value>
  </managed-property>
  <managed-property>
   <property-name>backendSystemDAO</property-name>
   <property-class>com.bsf.ppm.dao.BackendSystemDAO</property-class>
   <value>#{backendSystemDAO}</value>
  </managed-property>
 </managed-bean>
 
 <managed-bean>
  <managed-bean-name>backendSystemController</managed-bean-name>
  <managed-bean-class>com.bsf.ppm.maintenance.BackendSystemController</managed-bean-class>
  <managed-bean-scope>session</managed-bean-scope>
  <managed-property>
   <property-name>backendSystemDAO</property-name>
   <property-class>com.bsf.ppm.dao.BackendSystemDAO</property-class>
   <value>#{backendSystemDAO}</value>
  </managed-property>
  <managed-property>
   <property-name>systemTypeDAO</property-name>
   <property-class>com.bsf.ppm.dao.SystemTypeDAO</property-class>
   <value>#{systemTypeDAO}</value>
  </managed-property>
  <managed-property>
   <property-name>staticDataCacheManager</property-name>
   <property-class>com.bsf.ppm.cache.CacheManager</property-class>
   <value>#{staticDataCacheManager}</value>
  </managed-property>
 </managed-bean>
 
 
 <managed-bean>
  <managed-bean-name>groupController</managed-bean-name>
  <managed-bean-class>com.bsf.ppm.groups.GroupController</managed-bean-class>
  <managed-bean-scope>session</managed-bean-scope>
  <managed-property>
   <property-name>groupDAO</property-name>
   <property-class>com.bsf.ppm.dao.GroupDAO</property-class>
   <value>#{groupDAO}</value>
  </managed-property>
  <managed-property>
   <property-name>appDAO</property-name>
   <property-class>com.bsf.ppm.dao.ApplicationDAO</property-class>
   <value>#{applicationDAO}</value>
  </managed-property>
  <managed-property>
   <property-name>busObjectDAO</property-name>
   <property-class>com.bsf.ppm.dao.BusinessObjectDAO</property-class>
   <value>#{busObjectDAO}</value>
  </managed-property>
  <managed-property>
   <property-name>backendSystemDAO</property-name>
   <property-class>com.bsf.ppm.dao.BackendSystemDAO</property-class>
   <value>#{backendSystemDAO}</value>
  </managed-property>
 </managed-bean>
 
 <managed-bean>
  <managed-bean-name>coreHomeController</managed-bean-name>
  <managed-bean-class>com.bsf.ppm.groups.CoreHomeController</managed-bean-class>
  <managed-bean-scope>session</managed-bean-scope>
 </managed-bean>
 
 
 <managed-bean>
  <managed-bean-name>busObjController</managed-bean-name>
  <managed-bean-class>com.bsf.ppm.groups.ExtendedTreeNodeImpl</managed-bean-class>
  <managed-bean-scope>session</managed-bean-scope>
 </managed-bean>

 <managed-bean>
  <managed-bean-name>manageGroupsController</managed-bean-name>
  <managed-bean-class>com.bsf.web.core.ManageGroupsController</managed-bean-class>
  <managed-bean-scope>session</managed-bean-scope>
 </managed-bean>
 
 <managed-bean>
  <managed-bean-name>generalConfigurationController</managed-bean-name>
  <managed-bean-class>com.bsf.ppm.maintenance.GeneralConfigurationController</managed-bean-class>
  <managed-bean-scope>session</managed-bean-scope>
  <managed-property>
   <property-name>generalConfigurationDAO</property-name>
   <property-class>com.bsf.ppm.dao.GeneralConfigurationDAO</property-class>
   <value>#{generalConfigurationDAO}</value>
  </managed-property>
  <managed-property>
   <property-name>staticDataCacheManager</property-name>
   <property-class>com.bsf.ppm.cache.CacheManager</property-class>
   <value>#{staticDataCacheManager}</value>
  </managed-property>
 </managed-bean>

 
 <managed-bean>
  <managed-bean-name>cacheManagementController</managed-bean-name>
  <managed-bean-class>com.bsf.ppm.core.sysadmin.CacheManagementController</managed-bean-class>
  <managed-bean-scope>session</managed-bean-scope>
  <managed-property>
   <property-name>staticDataCacheManager</property-name>
   <property-class>com.bsf.ppm.cache.CacheManager</property-class>
   <value>#{staticDataCacheManager}</value>
  </managed-property>
 </managed-bean>

 
 <managed-bean>
  <managed-bean-name>myBean</managed-bean-name>
  <managed-bean-class>MyBean</managed-bean-class>
  <managed-bean-scope>session</managed-bean-scope>
 </managed-bean>



<!-- SAMA PERIODICAL  -->

<managed-bean>
  <managed-bean-name>paymentsQueueController</managed-bean-name>
  <managed-bean-class>com.bsf.ppm.paymentqueues.PaymentsQueueController</managed-bean-class>
  <managed-bean-scope>session</managed-bean-scope>
  <managed-property>
   <property-name>instructionDAO</property-name>
   <property-class>com.bsf.ppm.dao.InstructionDAO</property-class>
   <value>#{instructionDAO}</value>
  </managed-property>
    <managed-property>
   <property-name>gErrorListDAO</property-name>
   <property-class>com.bsf.ppm.dao.GErrorListDAO</property-class>
   <value>#{gErrorListDAO}</value>
  </managed-property>
 <managed-property>
   <property-name>parameterVDAO</property-name>
   <property-class>com.bsf.ppm.dao.ParameterValueDAO</property-class>
   <value>#{parameterVDAO}</value>
  </managed-property>
 <managed-property>
   <property-name>statusHistoryDAO</property-name>
   <property-class>com.bsf.ppm.dao.StatusHistoryDAO</property-class>
   <value>#{statusHistoryDAO}</value>
  </managed-property>
   
   <managed-property>
   <property-name>instModifyDAO</property-name>
   <property-class>com.bsf.ppm.dao.InstructionModifyDAO</property-class>
   <value>#{instModifyDAO}</value>
  </managed-property>
  <managed-property>
   <property-name>instDtlDAO</property-name>
   <property-class>com.bsf.ppm.dao.InstructionDetailDAO</property-class>
   <value>#{instDtlDAO}</value>
  </managed-property>
  
 </managed-bean>
 

<managed-bean>
  <managed-bean-name>applicationSetupController</managed-bean-name>
  <managed-bean-class>com.bsf.ppm.maintenance.ApplicationSetupController</managed-bean-class>
  <managed-bean-scope>session</managed-bean-scope>
    <managed-property>
   <property-name>ppmGroupDAO</property-name>
   <property-class>com.bsf.ppm.dao.PpmGroupDAO</property-class>
   <value>#{ppmGroupDAO}</value>
   </managed-property>
   <managed-property>
   <property-name>parameterValueDAO</property-name>
   <property-class>com.bsf.ppm.dao.ParameterValueDAO</property-class>
   <value>#{parameterVDAO}</value>
  </managed-property>
   <managed-property>
   <property-name>instructionDAO</property-name>
   <property-class>com.bsf.ppm.dao.InstructionDAO</property-class>
   <value>#{instructionDAO}</value>
  </managed-property>
</managed-bean>

<!-- Salary percent start  -->

<managed-bean>
  <managed-bean-name>salaryPercentController</managed-bean-name>
  <managed-bean-class>com.bsf.ppm.salarypercent.SalaryPercentController</managed-bean-class>
  <managed-bean-scope>session</managed-bean-scope>
  
   <managed-property>
   <property-name>parameterValueDAO</property-name>
   <property-class>com.bsf.ppm.dao.ParameterValueDAO</property-class>
   <value>#{parameterVDAO}</value>
  </managed-property>
  <managed-property>
   <property-name>ppmGroupDAO</property-name>
   <property-class>com.bsf.ppm.dao.PpmGroupDAO</property-class>
   <value>#{ppmGroupDAO}</value>
  </managed-property>
  <managed-property>
   <property-name>instructionDAO</property-name>
   <property-class>com.bsf.ppm.dao.InstructionDAO</property-class>
   <value>#{instructionDAO}</value>
  </managed-property>
</managed-bean>

 <!-- Salary percent end  -->
 
  <!--  By SARaheem -->
 
 <managed-bean>
  <managed-bean-name>employeeCategoryMgmtController</managed-bean-name>
  <managed-bean-class>com.bsf.ppm.maintenance.EmployeeCategoryMgmtController</managed-bean-class>
  <managed-bean-scope>session</managed-bean-scope>
 <managed-property>
   <property-name>parameterValueDAO</property-name>
   <property-class>com.bsf.ppm.dao.ParameterValueDAO</property-class>
   <value>#{parameterVDAO}</value>
  </managed-property>
  <managed-property>
   <property-name>ppmEmpCategoryMgmtDAO</property-name>
   <property-class>com.bsf.ppm.dao.PpmEmpCategoryMgmtDAO</property-class>
   <value>#{ppmEmpCategoryMgmtDAO}</value>
  </managed-property>
  <managed-property>
   <property-name>instructionDAO</property-name>
   <property-class>com.bsf.ppm.dao.InstructionDAO</property-class>
   <value>#{instructionDAO}</value>
  </managed-property>
</managed-bean>
 
 
  <managed-bean>
  <managed-bean-name>employeeCategorySetupController</managed-bean-name>
  <managed-bean-class>com.bsf.ppm.maintenance.EmployeeCtgrySetupController</managed-bean-class>
  <managed-bean-scope>session</managed-bean-scope>
   <managed-property>
   <property-name>parameterValueDAO</property-name>
   <property-class>com.bsf.ppm.dao.ParameterValueDAO</property-class>
   <value>#{parameterVDAO}</value>
  </managed-property>
  <managed-property>
   <property-name>ppmEmpCategorySetupDAO</property-name>
   <property-class>com.bsf.ppm.dao.PpmEmpCategorySetupDAO</property-class>
   <value>#{ppmEmpCategorySetupDAO}</value>
  </managed-property>
  <managed-property>
   <property-name>instructionDAO</property-name>
   <property-class>com.bsf.ppm.dao.InstructionDAO</property-class>
   <value>#{instructionDAO}</value>
  </managed-property>
   
</managed-bean>
 
 
 
<managed-bean>
  <managed-bean-name>executionRulesController</managed-bean-name>
  <managed-bean-class>com.bsf.ppm.maintenance.ExecutionRulesController</managed-bean-class>
  <managed-bean-scope>session</managed-bean-scope>
  
   <managed-property>
   <property-name>parameterValueDAO</property-name>
   <property-class>com.bsf.ppm.dao.ParameterValueDAO</property-class>
   <value>#{parameterVDAO}</value>
  </managed-property>
  <managed-property>
   <property-name>ppmExeRulesDAO</property-name>
   <property-class>com.bsf.ppm.dao.PpmExecuteRuleDAO</property-class>
   <value>#{ppmExeRulesDAO}</value>
  </managed-property>
  <managed-property>
   <property-name>ppmExeRulesCritDAO</property-name>
   <property-class>com.bsf.ppm.dao.PpmExecutionRuleCritDAO</property-class>
   <value>#{ppmExeRulesCritDAO}</value>
  </managed-property>
  </managed-bean>
 
  
<managed-bean>
  <managed-bean-name>parameterValueController</managed-bean-name>
  <managed-bean-class>com.bsf.ppm.maintenance.ParameterValueController</managed-bean-class>
  <managed-bean-scope>session</managed-bean-scope>
  
   <managed-property>
   <property-name>ppmParmTypeDAO</property-name>
   <property-class>com.bsf.ppm.dao.PpmParameterTypeDAO</property-class>
   <value>#{ppmParmTypeDAO}</value>
  </managed-property>
    <managed-property>
   <property-name>parameterValueDAO</property-name>
   <property-class>com.bsf.ppm.dao.ParameterValueDAO</property-class>
   <value>#{parameterVDAO}</value>
  </managed-property>
  </managed-bean>
<!-- BlockUnblock for loan -->
 
  <managed-bean>
  <managed-bean-name>blockUnblockController</managed-bean-name>
  <managed-bean-class>com.bsf.ppm.maintenance.BlockUnblockController</managed-bean-class>
  <managed-bean-scope>session</managed-bean-scope>
  
   <managed-property>
   <property-name>instTransactionsDAO</property-name>
   <property-class>com.bsf.ppm.dao.InstTransactionsDAO</property-class>
   <value>#{instTransactionsDAO}</value>
  </managed-property>
  <managed-property>
   <property-name>loanBlockDetsDAO</property-name>
   <property-class>com.bsf.ppm.dao.LoanBlockDetsDAO</property-class>
   <value>#{loanBlockDetsDAO}</value>
  </managed-property>
  <managed-property>
   <property-name>instructionDAO</property-name>
   <property-class>com.bsf.ppm.dao.InstructionDAO</property-class>
   <value>#{instructionDAO}</value>
  </managed-property>
   <managed-property>
   <property-name>gErrorListDAO</property-name>
   <property-class>com.bsf.ppm.dao.GErrorListDAO</property-class>
   <value>#{gErrorListDAO}</value>
  </managed-property>
  
  <managed-property>
   <property-name>parameterValueDAO</property-name>
   <property-class>com.bsf.ppm.dao.ParameterValueDAO</property-class>
   <value>#{parameterVDAO}</value>
  </managed-property>
  
   
  
  
 </managed-bean> 
 
 <managed-bean>
  <managed-bean-name>fransiLeasingController</managed-bean-name>
  <managed-bean-class>com.bsf.ppm.fransiLeasing.FransiLeasingController</managed-bean-class>
  <managed-bean-scope>session</managed-bean-scope>
  
  <managed-property>
   <property-name>ppmSflInstructionsDAO</property-name>
   <property-class>com.bsf.ppm.dao.PpmSflInstructionsDAO</property-class>
   <value>#{ppmSflInstructionsDAO}</value>
  </managed-property>
 
  <managed-property>
   <property-name>instructionDAO</property-name>
   <property-class>com.bsf.ppm.dao.InstructionDAO</property-class>
   <value>#{instructionDAO}</value>
  </managed-property>
  
  <managed-property>
   <property-name>parameterValueDAO</property-name>
   <property-class>com.bsf.ppm.dao.ParameterValueDAO</property-class>
   <value>#{parameterVDAO}</value>
  </managed-property>
  
    <managed-property>
   <property-name>gErrorListDAO</property-name>
   <property-class>com.bsf.ppm.dao.GErrorListDAO</property-class>
   <value>#{gErrorListDAO}</value>
  </managed-property>
  
 </managed-bean> 
 
  <managed-bean>
  <managed-bean-name>sFLController</managed-bean-name>
  <managed-bean-class>com.bsf.ppm.fransiLeasing.SFLController</managed-bean-class>
  <managed-bean-scope>session</managed-bean-scope>
  
  <managed-property>
   <property-name>instructionDAO</property-name>
   <property-class>com.bsf.ppm.dao.InstructionDAO</property-class>
   <value>#{instructionDAO}</value>
  </managed-property>
  
  <managed-property>
   <property-name>parameterValueDAO</property-name>
   <property-class>com.bsf.ppm.dao.ParameterValueDAO</property-class>
   <value>#{parameterVDAO}</value>
  </managed-property>
  
 
 
 </managed-bean> 
 

 
 
<!-- SAMA PERIODICAL TRANSACTION REPORT -->
 
<managed-bean>
  <managed-bean-name>transactionReportController</managed-bean-name>
  <managed-bean-class>com.bsf.ppm.reports.trnsaction.TransactionReportController</managed-bean-class>
  <managed-bean-scope>session</managed-bean-scope>
  <managed-property>
   <property-name>instTransactionsDAO</property-name>
   <property-class>com.bsf.ppm.dao.InstTransactionsDAO</property-class>
   <value>#{instTransactionsDAO}</value>
  </managed-property>
  <managed-property>
   <property-name>parameterValueDAO</property-name>
   <property-class>com.bsf.ppm.dao.ParameterValueDAO</property-class>
   <value>#{parameterVDAO}</value>
  </managed-property>
   <managed-property>
   <property-name>gErrorListDAO</property-name>
   <property-class>com.bsf.ppm.dao.GErrorListDAO</property-class>
   <value>#{gErrorListDAO}</value>
  </managed-property>
 </managed-bean>
 
 
 
 
<managed-bean>
  <managed-bean-name>incomingSalaryReportController</managed-bean-name>
  <managed-bean-class>com.bsf.ppm.reports.trnsaction.IncomingSalaryReportController</managed-bean-class>
  <managed-bean-scope>session</managed-bean-scope>
  <managed-property>
   <property-name>instTransactionsDAO</property-name>
   <property-class>com.bsf.ppm.dao.InstTransactionsDAO</property-class>
   <value>#{instTransactionsDAO}</value>
  </managed-property>
  <managed-property>
   <property-name>incomingSalaryDAO</property-name>
   <property-class>com.bsf.ppm.dao.IncomingSalaryDAO</property-class>
   <value>#{incomingSalaryDAO}</value>
  </managed-property>
   <managed-property>
   <property-name>gErrorListDAO</property-name>
   <property-class>com.bsf.ppm.dao.GErrorListDAO</property-class>
   <value>#{gErrorListDAO}</value>
  </managed-property>
 </managed-bean>
 
 
 
<!-- SAMA PERIODICAL  -->

 <navigation-rule>
 
  <!-- Backend System pages navigation -->
  <navigation-case>
   <from-outcome>CacheManagementController_list</from-outcome>
   <to-view-id>/core/systemadmin/cachemanagement/cacheManagement.xhtml</to-view-id>
  </navigation-case>
  
   
   <navigation-case>
   <from-outcome>FransiLeasingController_upload</from-outcome>
   <to-view-id>/ppm/fransiLeasing/uploadFransiLeasing.xhtml</to-view-id>
  </navigation-case>
  
   <navigation-case>
   <from-outcome>FransiLeasingController_list</from-outcome>
   <to-view-id>/ppm/fransiLeasing/listFransiLeasing.xhtml</to-view-id>
  </navigation-case>
  
  
  <!--  -->
  
  <navigation-case>
   <from-outcome>SFLController_list</from-outcome>
   <to-view-id>/ppm/fransiLeasing/listFransiInstruction.xhtml</to-view-id>
  </navigation-case> 
  
   <navigation-case>
   <from-outcome>SFLController_create</from-outcome>
   <to-view-id>/ppm/fransiLeasing/createFransiInstruction.xhtml</to-view-id>
  </navigation-case> 
  
   <navigation-case>
   <from-outcome>SFLController_edit</from-outcome>
   <to-view-id>/ppm/fransiLeasing/editFransiInstruction.xhtml</to-view-id>
  </navigation-case> 
  
   <navigation-case>
   <from-outcome>SFLController_detail</from-outcome>
   <to-view-id>/ppm/fransiLeasing/fransiInstructionDetail.xhtml</to-view-id>
  </navigation-case> 
  
  
  <navigation-case>
   <from-outcome>BackendSystemController_create</from-outcome>
   <to-view-id>/core/maintenance/ppm/backendsystems/createBackendSystem.xhtml</to-view-id>
  </navigation-case>
  <navigation-case>
   <from-outcome>BackendSystemController_edit</from-outcome>
   <to-view-id>/core/maintenance/ppm/backendsystems/editBackendSystem.xhtml</to-view-id>
  </navigation-case>
  <navigation-case>
   <from-outcome>BackendSystemController_list</from-outcome>
   <to-view-id>/core/maintenance/ppm/backendsystems/listBackendSystems.xhtml</to-view-id>
  </navigation-case>
  <!-- Batch Job pages navigation -->
  <navigation-case>
   <from-outcome>BatchJobController_create</from-outcome>
   <to-view-id>/core/maintenance/ppm/batchjobs/createBatchJob.xhtml</to-view-id>
  </navigation-case>
  <navigation-case>
   <from-outcome>BatchJobController_edit</from-outcome>
   <to-view-id>/core/maintenance/ppm/batchjobs/editBatchJob.xhtml</to-view-id>
  </navigation-case>
  <navigation-case>
   <from-outcome>BatchJobController_list</from-outcome>
   <to-view-id>/core/maintenance/ppm/batchjobs/listBatchJobs.xhtml</to-view-id>
  </navigation-case>
  <navigation-case>
   <from-outcome>BatchJobController_detail</from-outcome>
   <to-view-id>/core/maintenance/ppm/batchjobs/batchJobDetail.xhtml</to-view-id>
  </navigation-case>
  <navigation-case>
   <from-outcome>BatchJobController_monitor</from-outcome>
   <to-view-id>/core/maintenance/ppm/batchjobs/monitorJobs.xhtml</to-view-id>
  </navigation-case>
  <navigation-case>
   <from-outcome>GroupController_displayGroups</from-outcome>
   <to-view-id>/core/group/selectADGroup.xhtml</to-view-id>
  </navigation-case>
  <navigation-case>
   <from-outcome>GroupController_displayEditGroups</from-outcome>
   <to-view-id>/core/group/editADGroup.xhtml</to-view-id>
  </navigation-case>
  <navigation-case>
   <from-outcome>GroupController_showBusiness_objects</from-outcome>
   <to-view-id>/core/group/selectBusObjects.xhtml</to-view-id>
  </navigation-case>
  <navigation-case>
   <from-outcome>GroupController_showEditBusiness_objects</from-outcome>
   <to-view-id>/core/group/editGroupBusObjects.xhtml</to-view-id>
  </navigation-case>
  <navigation-case>
   <from-outcome>GroupController_list</from-outcome>
   <to-view-id>/core/group/listGroups.xhtml</to-view-id>
  </navigation-case>
  <navigation-case>
   <from-outcome>GroupController_create</from-outcome>
   <to-view-id>/core/group/createGroup.xhtml</to-view-id>
  </navigation-case>
  <navigation-case>
   <from-outcome>GroupController_edit</from-outcome>
   <to-view-id>/core/group/editGroup.xhtml</to-view-id>
  </navigation-case>
  
  <navigation-case>
   <from-outcome>ManageGroupsController_list</from-outcome>
   <to-view-id>/core/group/groupsHomePage.xhtml</to-view-id>
  </navigation-case>
 
 
  <navigation-case>
   <from-outcome>GeneralConfigurationController_list</from-outcome>
   <to-view-id>/core/systemadmin/generalconfiguration/listGeneralConfigurations.xhtml</to-view-id>
   <redirect/>
  </navigation-case>
  <navigation-case>
   <from-outcome>GeneralConfigurationController_edit</from-outcome>
   <to-view-id>/core/systemadmin/generalconfiguration/editGeneralConfiguration.xhtml</to-view-id>
   <redirect/>
  </navigation-case>
 
 

  <navigation-case>
   <from-outcome>corehome</from-outcome>
   <to-view-id>/home/home.xhtml</to-view-id>
  </navigation-case>
  <navigation-case>
   <from-outcome>logOut</from-outcome>
   <to-view-id>/logOut.jsp</to-view-id>
  </navigation-case>
 
  <navigation-case>
   <from-outcome>FtsPostingLogController_detail</from-outcome>
   <to-view-id>/core/maintenance/ftsmessages/ftsMessageDetail.xhtml</to-view-id>
  </navigation-case>
  <navigation-case>
   <from-outcome>FtsPostingLogController_list</from-outcome>
   <to-view-id>/core/maintenance/ftsmessages/listFtsMessages.xhtml</to-view-id>
  </navigation-case>
 
  <!--PPM Application start -->
  <!--List Instruction Search Results -->
  <navigation-case>
   <from-outcome>PaymentsQueueController_list</from-outcome>
   <to-view-id>/ppm/paymentqueues/listInstruction.xhtml</to-view-id>
  </navigation-case>
  <!--List Inquery Search Results -->
   <navigation-case>
   <from-outcome>PaymentsQueueController_inquiryList</from-outcome>
   <to-view-id>/ppm/paymentqueues/listInquiry.xhtml</to-view-id>
  </navigation-case>
  <!--List Maintenence Search Results -->
   <navigation-case>
   <from-outcome>PaymentsQueueController_maintenenceList</from-outcome>
   <to-view-id>/ppm/paymentqueues/listMaintenence.xhtml</to-view-id>
  </navigation-case>
  
   <!--List MaintValidate Search Results -->
   <navigation-case>
   <from-outcome>PaymentsQueueController_maintValidateList</from-outcome>
   <to-view-id>/ppm/paymentqueues/listMaintValidate.xhtml</to-view-id>
  </navigation-case>
  
  <!-- BlockUnblock for loan -->
     
<navigation-case>
   <from-outcome>BlockUnblockController_list</from-outcome>
   <to-view-id>/ppm/blockUnblock/listBlockUnblock.xhtml</to-view-id>
  </navigation-case>
  <navigation-case>
   <from-outcome>BlockUnblockController_create</from-outcome>
   <to-view-id>/ppm/blockUnblock/createBlockUnblock.xhtml</to-view-id>
  </navigation-case>
  <navigation-case>
   <from-outcome>BlockUnblockController_detail</from-outcome>
   <to-view-id>/ppm/blockUnblock/blockUnblockDetail.xhtml</to-view-id>
  </navigation-case>
  <navigation-case>
   <from-outcome>BlockUnblockController_edit</from-outcome>
   <to-view-id>/ppm/blockUnblock/editBlockUnblock.xhtml</to-view-id>
  </navigation-case>
  
  
  
 
  <navigation-case>
   <from-outcome>PaymentsQueueController_create</from-outcome>
   <to-view-id>/ppm/paymentqueues/createInstruction.xhtml</to-view-id>
  </navigation-case><!--
  
  <navigation-case>
   <from-outcome>PaymentsQueueController_paymentsQueueHome.xhtml</from-outcome>
   <to-view-id>/ppm/paymentqueues/paymentsQueueHome.xhtml</to-view-id>
  </navigation-case>
  
  --><navigation-case>
   <from-outcome>PaymentsQueueController_edit</from-outcome>
   <to-view-id>/ppm/paymentqueues/editInstruction.xhtml</to-view-id>
  </navigation-case>
  
  <navigation-case>
   <from-outcome>PaymentsQueueController_editValidation</from-outcome>
   <to-view-id>/ppm/paymentqueues/editValidationInstruction.xhtml</to-view-id>
  </navigation-case>
  
  
  
   <navigation-case>
   <from-outcome>PaymentsQueueController_editModify</from-outcome>
   <to-view-id>/ppm/paymentqueues/editModifyInstruction.xhtml</to-view-id>
  </navigation-case>
  
   <navigation-case>
   <from-outcome>PaymentsQueueController_editMaintValidate</from-outcome>
   <to-view-id>/ppm/paymentqueues/editMaintValidate.xhtml</to-view-id>
  </navigation-case>
  
  
  <!-- -PPM TRANSACTIONS Report start -->
   
   
<navigation-case>
  	<from-outcome>PaymentsQueueController_report</from-outcome>
  	<to-view-id>/ppm/reports/transactionReport.xhtml</to-view-id>
</navigation-case>
 
  
   
<navigation-case>
  	<from-outcome>PaymentsQueueController_reportValidAcpt</from-outcome>
  	<to-view-id>/ppm/reports/transactionValidAcptReport.xhtml</to-view-id>
</navigation-case>
    
<navigation-case>
  	<from-outcome>PaymentsQueueController_reportModify</from-outcome>
  	<to-view-id>/ppm/reports/transactionModifyReport.xhtml</to-view-id>
</navigation-case>  

   
<navigation-case>
  	<from-outcome>PaymentsQueueController_reportSuspended</from-outcome>
  	<to-view-id>/ppm/reports/transactionSuspendReport.xhtml</to-view-id>
</navigation-case> 


   
<navigation-case>
  	<from-outcome>PaymentsQueueController_reportMaintValidate</from-outcome>
  	<to-view-id>/ppm/reports/transactionMaintValidateReport.xhtml</to-view-id>
</navigation-case>   
    <!-- -PPM TRANSACTIONS Report end -->
    
<navigation-case>
   <from-outcome>ApplicationSetupController_list</from-outcome>
   <to-view-id>/ppm/maintenance/applicationsetup/listApplicationSetup.xhtml</to-view-id>
  </navigation-case>
  <navigation-case>
   <from-outcome>ApplicationSetupController_create</from-outcome>
   <to-view-id>/ppm/maintenance/applicationsetup/createApplicationSetup.xhtml</to-view-id>
  </navigation-case>
  <navigation-case>
   <from-outcome>ApplicationSetupController_detail</from-outcome>
   <to-view-id>/ppm/maintenance/applicationsetup/applicationSetupDetail.xhtml</to-view-id>
  </navigation-case>
  <navigation-case>
   <from-outcome>ApplicationSetupController_edit</from-outcome>
   <to-view-id>/ppm/maintenance/applicationsetup/editApplicationSetup.xhtml</to-view-id>
 </navigation-case>
 
 <!-- Salary Percent start -->
 
 <navigation-case>
   <from-outcome>SalaryPercentController_list</from-outcome>
   <to-view-id>/ppm/maintenance/salaryPercent/listSalaryPercent.xhtml</to-view-id>
  </navigation-case>
  <navigation-case>
   <from-outcome>SalaryPercentController_detail</from-outcome>
   <to-view-id>/ppm/maintenance/salaryPercent/salaryDetail.xhtml</to-view-id>
  </navigation-case>
  <navigation-case>
   <from-outcome>SalaryPercentController_edit</from-outcome>
   <to-view-id>/ppm/maintenance/salaryPercent/editSalary.xhtml</to-view-id>
 </navigation-case>
  
  <!-- Salary Percent end --> 
  
 
  
  
  
  
  
  
  
  
  
  
   
<navigation-case>
   <from-outcome>ExecutionRulesController_list</from-outcome>
   <to-view-id>/ppm/maintenance/applicationsetup/listExecutionRules.xhtml</to-view-id>
  </navigation-case>
  <navigation-case>
   <from-outcome>ExecutionRulesController_create</from-outcome>
   <to-view-id>/ppm/maintenance/applicationsetup/createExecutionRules.xhtml</to-view-id>
  </navigation-case>
  <navigation-case>
   <from-outcome>ExecutionRulesController_detail</from-outcome>
   <to-view-id>/ppm/maintenance/applicationsetup/executionRulesDetail.xhtml</to-view-id>
  </navigation-case>
  <navigation-case>
   <from-outcome>ExecutionRulesController_edit</from-outcome>
   <to-view-id>/ppm/maintenance/applicationsetup/editExecutionRules.xhtml</to-view-id>
  </navigation-case>
 
  
    
<navigation-case>
   <from-outcome>ParameterValueController_list</from-outcome>
   <to-view-id>/ppm/maintenance/applicationsetup/listParameterValue.xhtml</to-view-id>
  </navigation-case>
  <navigation-case>
   <from-outcome>ParameterValueController_create</from-outcome>
   <to-view-id>/ppm/maintenance/applicationsetup/createParameterValue.xhtml</to-view-id>
  </navigation-case>
  <navigation-case>
   <from-outcome>ParameterValueController_detail</from-outcome>
   <to-view-id>/ppm/maintenance/applicationsetup/parameterValueDetail.xhtml</to-view-id>
  </navigation-case>
  <navigation-case>
   <from-outcome>ParameterValueController_edit</from-outcome>
   <to-view-id>/ppm/maintenance/applicationsetup/editParameterValue.xhtml</to-view-id>
  </navigation-case>

  <!-- PPM REPORTS START -->
    <navigation-case>
   <from-outcome>PaymentsQueueController_trnsReport</from-outcome>
   <to-view-id>/ppm/reports/ppmReports/transactionReport.xhtml</to-view-id>
  </navigation-case>
   
 <navigation-case>
   <from-outcome>TransactionReportController_list</from-outcome>
   <to-view-id>/ppm/reports/ppmReports/listTransactionReport.xhtml</to-view-id>
  </navigation-case>
  
  <navigation-case>
   <from-outcome>TransactionReportController_detail</from-outcome>
   <to-view-id>/ppm/reports/ppmReports/transactionReportDetail.xhtml</to-view-id>
  </navigation-case>
  
  <navigation-case>
   <from-outcome>IncomingSalaryReportController_detail</from-outcome>
   <to-view-id>/ppm/reports/incomingSalaryDetailReport.xhtml</to-view-id>
  </navigation-case>
  
   <navigation-case>
   <from-outcome>IncomingSalaryReportController_list</from-outcome>
   <to-view-id>/ppm/reports/listIncomingSalaryReport.xhtml</to-view-id>
  </navigation-case>
  
  
  
   <navigation-case>
   <from-outcome>PaymentsQueueController_instList</from-outcome>
   <to-view-id>/ppm/reports/ppmReports/instTrnsList.xhtml</to-view-id>
  </navigation-case>
    
    <!-- SARaheem-->
  <navigation-case>
  	<from-outcome>EmployeeCategoryMgmtController_list</from-outcome>
  	<to-view-id>/ppm/blockUnblock/listEmployeeCategoryMgmt.xhtml</to-view-id>
  </navigation-case>
  
  <navigation-case>
  	<from-outcome>EmployeeCtgrySetupController_list</from-outcome>
  	<to-view-id>/ppm/blockUnblock/listEmployeeCategorySetup.xhtml</to-view-id>
  </navigation-case>
  
  
  
    <!-- PPM REPORTS END -->
   <!--PPM Application end -->
  
 </navigation-rule>
 
 <application>
  <view-handler>com.sun.facelets.FaceletViewHandler</view-handler>
  <variable-resolver>org.springframework.web.jsf.DelegatingVariableResolver</variable-resolver>
  <!-- Locale and Resource Bundles Definition. Name in the <var> is used 
			to access Resource Bundle Keys in Pages -->
  <locale-config>
   <supported-locale>en</supported-locale>
   <supported-locale>ar</supported-locale>
  </locale-config>
  <resource-bundle>
   <base-name>bundles.Labels</base-name>
   <var>label</var>
  </resource-bundle>
  <resource-bundle>
   <base-name>bundles.Titles</base-name>
   <var>title</var>
  </resource-bundle>
  <resource-bundle>
   <base-name>bundles.BusinessErrorMessages</base-name>
   <var>busError</var>
  </resource-bundle>
  <resource-bundle>
   <base-name>bundles.Buttons</base-name>
   <var>button</var>
  </resource-bundle>
  <resource-bundle>
   <base-name>bundles.Images</base-name>
   <var>img</var>
  </resource-bundle>
  <resource-bundle>
   <base-name>bundles.SystemErrorMessages</base-name>
   <var>sysError</var>
  </resource-bundle>
  <resource-bundle>
   <base-name>bundles.ValidatorMessages</base-name>
   <var>validation</var>
  </resource-bundle>
 </application>
 <lifecycle>
  <phase-listener>com.bsf.ppm.application.jsf.PostRedirectGetListener</phase-listener>
 </lifecycle>
</faces-config>
