<?xml version="1.0" encoding="utf-8"?>
<!DOCTYPE hibernate-configuration PUBLIC
"-//Hibernate/Hibernate Configuration DTD 3.0//EN"
"http://hibernate.sourceforge.net/hibernate-configuration-3.0.dtd">
<hibernate-configuration>
 <session-factory>
  <property name="hibernate.connection.driver_class">oracle.jdbc.driver.OracleDriver</property>
   
  <property name="hibernate.connection.url">jdbc:oracle:thin:@EXAD-SCAN:1521/OLTPDEV</property>
  
  
  <property name="hibernate.connection.username">SRVC_PPM_CITIZEN_USR</property>
  <property name="hibernate.connection.password">RTH!VRl8i</property>
  <property name="hibernate.dialect">org.hibernate.dialect.Oracle10gDialect</property>
 <!-- <property name="hibernate.default_schema">oepaysd2</property>-->
  <property name="hibernate.current_session_context_class">thread</property>
  <property name = "hibernate.jdbc.batch_size">100</property>
  
 <!-- <property name="show_sql">true</property>-->
  
  <property name="hibernate.connection.provider_class">org.hibernate.c3p0.internal.C3P0ConnectionProvider</property>  
   <property name="hibernate.c3p0.min_size">5</property>
  <property name="hibernate.c3p0.max_size">50</property>
  <property name="hibernate.c3p0.timeout">300</property>
  <property name="hibernate.c3p0.max_statements">60</property>
  <property name="hibernate.c3p0.idle_test_period">3000</property>
 
  <mapping class="com.bsf.ppm.batch.process.entity.CBlockDBlock"/>
  <mapping class="com.bsf.ppm.batch.process.entity.PpmDebitBlockStaging"/>
   <mapping class="com.bsf.ppm.batch.process.entity.Ppm_Instructions"/> 
   <mapping class="com.bsf.ppm.batch.process.entity.PpmDebitExempt"/> 
    <mapping class="com.bsf.ppm.batch.process.entity.InstructionDetails"/>
    <mapping class="com.bsf.ppm.batch.process.entity.StatusHistory"/>
    <mapping class="com.bsf.ppm.batch.process.entity.ParameterValue"/>
   
</session-factory>
</hibernate-configuration>
