<?xml version='1.0' encoding='UTF-8' ?>
<header_vars>
<graphics_color>FFFFFF</graphics_color>
<animation_loop>yes</animation_loop>

<header>
	<text_header_h1 x_pos="5" y_pos="55" size="19" letter_spacing="0" text_color="33FFFF"></text_header_h1>
	<text_header_h2 x_pos="10" y_pos="80" size="10" letter_spacing="1.9" text_color="000066"></text_header_h2>	
	<image blur="no">banner1/images/ippLogo.jpg</image>
</header>	
<header>
	<text_header_h1 x_pos="5" y_pos="55" size="19" letter_spacing="0" text_color="33FFFF"></text_header_h1>
	<text_header_h2 x_pos="10" y_pos="80" size="10" letter_spacing="1.9" text_color="000066"></text_header_h2>	
	<image blur="no">banner1/images/cclgLogo.jpg</image>
</header>
<header>
	<text_header_h1 x_pos="25" y_pos="200" size="19" letter_spacing="0" text_color="33FFFF">IPP-Cheque Clearing</text_header_h1>
	<text_header_h2 x_pos="200" y_pos="230" size="12" letter_spacing="3.9" text_color="999900">Highly Secure</text_header_h2>	
	<image blur="no">banner1/images/fl12.jpg</image>
</header>
<header>
	<text_header_h1 x_pos="25" y_pos="200" size="19" letter_spacing="0" text_color="33FFFF">IPP-Cheque Clearing</text_header_h1>
	<text_header_h2 x_pos="200" y_pos="230" size="12" letter_spacing="3.9" text_color="999900">Cheque Payments</text_header_h2>	
	<image blur="no">banner1/images/fl15.jpg</image>
</header>
<header>
	<text_header_h1 x_pos="25" y_pos="200" size="19" letter_spacing="0" text_color="33FFFF"></text_header_h1>
	<text_header_h2 x_pos="200" y_pos="230" size="12" letter_spacing="3.9" text_color="999900"></text_header_h2>	
	<image blur="no">banner1/images/fl14.jpg</image>
</header>
<header>
	<text_header_h1 x_pos="5" y_pos="55" size="19" letter_spacing="0" text_color="003366">IPP-Cheque Clearing</text_header_h1>
	<text_header_h2 x_pos="10" y_pos="80" size="10" letter_spacing="1.9" text_color="330099">Time Saver</text_header_h2>	
	<image blur="no">banner1/images/fl4.jpg</image>
</header>

<header>
	<text_header_h1 x_pos="5" y_pos="10" size="19" letter_spacing="0" text_color="0000FF">IPP-Cheque Clearing</text_header_h1>
	<text_header_h2 x_pos="10" y_pos="40" size="10" letter_spacing="1.9" text_color="CCCCCC">Accurate</text_header_h2>	
	<image blur="no">banner1/images/fl9.jpg</image>
</header>
<header>
	<text_header_h1 x_pos="5" y_pos="200" size="19" letter_spacing="0" text_color="0000FF">IPP-Cheque Clearing</text_header_h1>
	<text_header_h2 x_pos="10" y_pos="230" size="12" letter_spacing="2.9" text_color="000066">Manage Parameters</text_header_h2>	
	<image blur="no">banner1/images/fl11.jpg</image>
</header>	
<header>
	<text_header_h1 x_pos="5" y_pos="200" size="20" letter_spacing="0" text_color="999900">IPP-Cheque Clearing</text_header_h1>
	<text_header_h2 x_pos="10" y_pos="230" size="12" letter_spacing="2.4" text_color="33FFFF">Manage-Clear Customer Cheques</text_header_h2>	
	<image>banner1/images/fl10.jpg</image>
</header>	

<!-- <header>
	<text_header_h1 x_pos="5" y_pos="100" size="20" letter_spacing="0" text_color="999900">IPP-Cheque Clearing</text_header_h1>
	<text_header_h2 x_pos="10" y_pos="130" size="12" letter_spacing="2.4" text_color="000066">Handle Swift Payments</text_header_h2>	
	<image>banner1/images/fl13.gif</image>
</header> -->	

<header>
	<text_header_h1 x_pos="25" y_pos="200" size="19" letter_spacing="0" text_color="black">IPP-Cheque Clearing</text_header_h1>
	<text_header_h2 x_pos="180" y_pos="230" size="10" letter_spacing="1.9" text_color="330099">Manage-Clear Dividend Cheques</text_header_h2>	
	<image blur="no">banner1/images/fl1.jpg</image>
</header>	

<header>
	<text_header_h1 x_pos="10" y_pos="5" size="19"  letter_spacing="1.5" text_color="000066">IPP-Cheque Clearing</text_header_h1>
	<text_header_h2 x_pos="13" y_pos="30" size="12" letter_spacing="3.2" text_color="999900">Handle Cashier Orders</text_header_h2>	
	<image>banner1/images/fl2.jpg</image>
</header>	
<header>
	<text_header_h1 x_pos="10" y_pos="5" size="19"  letter_spacing="1.5" text_color="000066">IPP-Cheque Clearing</text_header_h1>
	<text_header_h2 x_pos="13" y_pos="30" size="12" letter_spacing="3.2" text_color="999900">Maintain Clearing Centers</text_header_h2>	
	<image>banner1/images/fl.jpg</image>
</header>	

<header>
	<text_header_h1 x_pos="5" y_pos="160" size="20" letter_spacing="0" text_color="993300">IPP-Cheque Clearing</text_header_h1>
	<text_header_h2 x_pos="10" y_pos="190" size="12" letter_spacing="2.4" text_color="0000CC">Maintain Value Dates</text_header_h2>	
	<image>banner1/images/fl3.jpg</image>
</header>	
<header>
	<text_header_h1 x_pos="5" y_pos="55" size="20" letter_spacing="0" text_color="CC00CC">IPP-Cheque Clearing</text_header_h1>
	<text_header_h2 x_pos="10" y_pos="80" size="15" letter_spacing="1.9" text_color="CC3300">Maintain Exchange Rates</text_header_h2>	
	<image blur="no">banner1/images/fl8.jpg</image>
</header>	
<header>
	<text_header_h1 x_pos="5" y_pos="10" size="19" letter_spacing="0" text_color="CCFF00">IPP-Cheque Clearing</text_header_h1>
	<text_header_h2 x_pos="10" y_pos="35" size="12" letter_spacing="2.9" text_color="33FFFF">Transparent Transactions</text_header_h2>	
	<image blur="no">banner1/images/fl7.jpg</image>
</header>	

<display_preload graphic_color="669ac6">yes</display_preload>
<replay display="yes" x_pos="493" y_pos="135" size="8" letter_spacing="1" bgd_color="FFFFFF" text_color="000000"> REPLAY</replay>
</header_vars>